Algorithm,Scenario,Run,Dimension,ProblemVersion,FinalFE,Status,Seconds,Message
L2SMEA,1,1,500,obstacle-aware-v2,1000,initialization-only,2.839276,worker completed
L2SMEA,1,2,500,obstacle-aware-v2,1000,initialization-only,2.9008792,worker completed
L2SMEA,1,3,500,obstacle-aware-v2,1000,initialization-only,2.8062509,worker completed
L2SMEA,1,4,500,obstacle-aware-v2,1000,initialization-only,2.9498765,worker completed
L2SMEA,1,5,500,obstacle-aware-v2,1000,initialization-only,3.8662153,worker completed
L2SMEA,1,6,500,obstacle-aware-v2,1000,initialization-only,4.0399433,worker completed
L2SMEA,1,7,500,obstacle-aware-v2,1000,initialization-only,3.899641,worker completed
L2SMEA,1,8,500,obstacle-aware-v2,1000,initialization-only,3.9955274,worker completed
L2SMEA,1,9,500,obstacle-aware-v2,1000,initialization-only,3.8661936,worker completed
L2SMEA,1,10,500,obstacle-aware-v2,1000,initialization-only,3.9290028,worker completed
L2SMEA,1,11,500,obstacle-aware-v2,1000,initialization-only,3.9743259,worker completed
L2SMEA,1,12,500,obstacle-aware-v2,1000,initialization-only,4.0991483,worker completed
L2SMEA,1,13,500,obstacle-aware-v2,1000,initialization-only,4.5976093,worker completed
L2SMEA,1,14,500,obstacle-aware-v2,1000,initialization-only,5.3123837,worker completed
L2SMEA,1,15,500,obstacle-aware-v2,1000,initialization-only,5.0476946,worker completed
L2SMEA,1,16,500,obstacle-aware-v2,1000,initialization-only,6.0961739,worker completed
L2SMEA,1,17,500,obstacle-aware-v2,1000,initialization-only,11.191043,worker completed
L2SMEA,1,18,500,obstacle-aware-v2,1000,initialization-only,11.1767222,worker completed
L2SMEA,1,19,500,obstacle-aware-v2,1000,initialization-only,11.4460295,worker completed
L2SMEA,1,20,500,obstacle-aware-v2,1000,initialization-only,11.0470577,worker completed
L2SMEA,2,1,500,obstacle-aware-v2,1000,initialization-only,11.8899147,worker completed
L2SMEA,2,2,500,obstacle-aware-v2,1000,initialization-only,12.0101312,worker completed
L2SMEA,2,3,500,obstacle-aware-v2,1000,initialization-only,12.0748875,worker completed
L2SMEA,2,4,500,obstacle-aware-v2,1000,initialization-only,12.1740516,worker completed
L2SMEA,2,5,500,obstacle-aware-v2,1000,initialization-only,11.9751697,worker completed
L2SMEA,2,6,500,obstacle-aware-v2,1000,initialization-only,12.1248963,worker completed
L2SMEA,2,7,500,obstacle-aware-v2,1000,initialization-only,11.8683239,worker completed
L2SMEA,2,8,500,obstacle-aware-v2,1000,initialization-only,12.0679117,worker completed
L2SMEA,2,9,500,obstacle-aware-v2,1000,initialization-only,11.8641668,worker completed
L2SMEA,2,10,500,obstacle-aware-v2,1000,initialization-only,12.8323045,worker completed
L2SMEA,2,11,500,obstacle-aware-v2,1000,initialization-only,11.9375585,worker completed
L2SMEA,2,12,500,obstacle-aware-v2,1000,initialization-only,12.1257163,worker completed
L2SMEA,2,13,500,obstacle-aware-v2,1000,initialization-only,3.4495612,worker completed
L2SMEA,2,14,500,obstacle-aware-v2,1000,initialization-only,3.3170144,worker completed
L2SMEA,2,15,500,obstacle-aware-v2,1000,initialization-only,3.4488932,worker completed
L2SMEA,2,16,500,obstacle-aware-v2,1000,initialization-only,2.8814019,worker completed
L2SMEA,2,17,500,obstacle-aware-v2,1000,initialization-only,2.6343369,worker completed
L2SMEA,2,18,500,obstacle-aware-v2,1000,initialization-only,2.535059,worker completed
L2SMEA,2,19,500,obstacle-aware-v2,1000,initialization-only,2.6516586,worker completed
L2SMEA,2,20,500,obstacle-aware-v2,1000,initialization-only,2.5678693,worker completed
SADEAMSS,1,1,500,obstacle-aware-v2,1000,completed,159.7972442,worker completed
SADEAMSS,1,2,500,obstacle-aware-v2,1000,completed,159.364671,worker completed
SADEAMSS,1,3,500,obstacle-aware-v2,1000,completed,160.3032579,worker completed
SADEAMSS,1,4,500,obstacle-aware-v2,1000,completed,159.6817914,worker completed
SADEAMSS,1,5,500,obstacle-aware-v2,1000,completed,153.3047417,worker completed
SADEAMSS,1,6,500,obstacle-aware-v2,1000,completed,155.8059374,worker completed
SADEAMSS,1,7,500,obstacle-aware-v2,1000,completed,152.1751407,worker completed
SADEAMSS,1,8,500,obstacle-aware-v2,1000,completed,151.6099371,worker completed
SADEAMSS,1,9,500,obstacle-aware-v2,1000,completed,152.4509098,worker completed
SADEAMSS,1,10,500,obstacle-aware-v2,1000,completed,155.846748,worker completed
SADEAMSS,1,11,500,obstacle-aware-v2,1000,completed,153.7703403,worker completed
SADEAMSS,1,12,500,obstacle-aware-v2,1000,completed,152.0776511,worker completed
SADEAMSS,1,13,500,obstacle-aware-v2,1000,completed,153.3492133,worker completed
SADEAMSS,1,14,500,obstacle-aware-v2,1000,completed,154.9100981,worker completed
SADEAMSS,1,15,500,obstacle-aware-v2,1000,completed,155.8919323,worker completed
SADEAMSS,1,16,500,obstacle-aware-v2,1000,completed,154.3576253,worker completed
SADEAMSS,1,17,500,obstacle-aware-v2,1000,completed,153.7073269,worker completed
SADEAMSS,1,18,500,obstacle-aware-v2,1000,completed,154.4338641,worker completed
SADEAMSS,1,19,500,obstacle-aware-v2,1000,completed,154.0023207,worker completed
SADEAMSS,1,20,500,obstacle-aware-v2,1000,completed,154.1223345,worker completed
SADEAMSS,2,1,500,obstacle-aware-v2,1000,completed,154.7673195,worker completed
SADEAMSS,2,2,500,obstacle-aware-v2,1000,completed,154.3232003,worker completed
SADEAMSS,2,3,500,obstacle-aware-v2,1000,completed,153.4333552,worker completed
SADEAMSS,2,4,500,obstacle-aware-v2,1000,completed,153.9912444,worker completed
SADEAMSS,2,5,500,obstacle-aware-v2,1000,completed,177.3934741,worker completed
SADEAMSS,2,6,500,obstacle-aware-v2,1000,completed,181.4909903,worker completed
SADEAMSS,2,7,500,obstacle-aware-v2,1000,completed,177.8178843,worker completed
SADEAMSS,2,8,500,obstacle-aware-v2,1000,completed,180.6479599,worker completed
SADEAMSS,2,9,500,obstacle-aware-v2,1000,completed,179.7548005,worker completed
SADEAMSS,2,10,500,obstacle-aware-v2,1000,completed,181.3188053,worker completed
SADEAMSS,2,11,500,obstacle-aware-v2,1000,completed,176.9818075,worker completed
SADEAMSS,2,12,500,obstacle-aware-v2,1000,completed,182.2644136,worker completed
SADEAMSS,2,13,500,obstacle-aware-v2,1000,completed,148.6373046,worker completed
SADEAMSS,2,14,500,obstacle-aware-v2,1000,completed,148.5694996,worker completed
SADEAMSS,2,15,500,obstacle-aware-v2,1000,completed,148.95153,worker completed
SADEAMSS,2,16,500,obstacle-aware-v2,1000,completed,148.2611312,worker completed
SADEAMSS,2,17,500,obstacle-aware-v2,1000,completed,150.6164079,worker completed
SADEAMSS,2,18,500,obstacle-aware-v2,1000,completed,150.1037511,worker completed
SADEAMSS,2,19,500,obstacle-aware-v2,1000,completed,151.1641698,worker completed
SADEAMSS,2,20,500,obstacle-aware-v2,1000,completed,150.6474645,worker completed
SAMSO,1,1,500,obstacle-aware-v2,1000,initialization-only,2.0159316,worker completed
SAMSO,1,2,500,obstacle-aware-v2,1000,initialization-only,1.9689721,worker completed
SAMSO,1,3,500,obstacle-aware-v2,1000,initialization-only,1.9481608,worker completed
SAMSO,1,4,500,obstacle-aware-v2,1000,initialization-only,2.0264249,worker completed
SAMSO,1,5,500,obstacle-aware-v2,1000,initialization-only,1.5065304,worker completed
SAMSO,1,6,500,obstacle-aware-v2,1000,initialization-only,1.8087553,worker completed
SAMSO,1,7,500,obstacle-aware-v2,1000,initialization-only,1.6015797,worker completed
SAMSO,1,8,500,obstacle-aware-v2,1000,initialization-only,1.7891666,worker completed
SAMSO,1,9,500,obstacle-aware-v2,1000,initialization-only,1.4986279,worker completed
SAMSO,1,10,500,obstacle-aware-v2,1000,initialization-only,1.7823254,worker completed
SAMSO,1,11,500,obstacle-aware-v2,1000,initialization-only,1.6354733,worker completed
SAMSO,1,12,500,obstacle-aware-v2,1000,initialization-only,1.8349071,worker completed
SAMSO,1,13,500,obstacle-aware-v2,1000,initialization-only,1.6390541,worker completed
SAMSO,1,14,500,obstacle-aware-v2,1000,initialization-only,1.6589469,worker completed
SAMSO,1,15,500,obstacle-aware-v2,1000,initialization-only,1.7264411,worker completed
SAMSO,1,16,500,obstacle-aware-v2,1000,initialization-only,1.7485775,worker completed
SAMSO,1,17,500,obstacle-aware-v2,1000,initialization-only,1.6988195,worker completed
SAMSO,1,18,500,obstacle-aware-v2,1000,initialization-only,1.6948149,worker completed
SAMSO,1,19,500,obstacle-aware-v2,1000,initialization-only,1.6283836,worker completed
SAMSO,1,20,500,obstacle-aware-v2,1000,initialization-only,1.6134674,worker completed
SAMSO,2,1,500,obstacle-aware-v2,1000,initialization-only,1.6349112,worker completed
SAMSO,2,2,500,obstacle-aware-v2,1000,initialization-only,1.6012358,worker completed
SAMSO,2,3,500,obstacle-aware-v2,1000,initialization-only,1.6243446,worker completed
SAMSO,2,4,500,obstacle-aware-v2,1000,initialization-only,1.6672208,worker completed
SAMSO,2,5,500,obstacle-aware-v2,1000,initialization-only,1.6522168,worker completed
SAMSO,2,6,500,obstacle-aware-v2,1000,initialization-only,1.6153986,worker completed
SAMSO,2,7,500,obstacle-aware-v2,1000,initialization-only,1.6631675,worker completed
SAMSO,2,8,500,obstacle-aware-v2,1000,initialization-only,1.6298963,worker completed
SAMSO,2,9,500,obstacle-aware-v2,1000,initialization-only,1.5932196,worker completed
SAMSO,2,10,500,obstacle-aware-v2,1000,initialization-only,1.6234881,worker completed
SAMSO,2,11,500,obstacle-aware-v2,1000,initialization-only,1.6979921,worker completed
SAMSO,2,12,500,obstacle-aware-v2,1000,initialization-only,1.6685222,worker completed
SAMSO,2,13,500,obstacle-aware-v2,1000,initialization-only,1.6923666,worker completed
SAMSO,2,14,500,obstacle-aware-v2,1000,initialization-only,1.684041,worker completed
SAMSO,2,15,500,obstacle-aware-v2,1000,initialization-only,1.8132353,worker completed
SAMSO,2,16,500,obstacle-aware-v2,1000,initialization-only,1.7687503,worker completed
SAMSO,2,17,500,obstacle-aware-v2,1000,initialization-only,1.6900872,worker completed
SAMSO,2,18,500,obstacle-aware-v2,1000,initialization-only,1.7278962,worker completed
SAMSO,2,19,500,obstacle-aware-v2,1000,initialization-only,1.7362431,worker completed
SAMSO,2,20,500,obstacle-aware-v2,1000,initialization-only,1.7539763,worker completed
GORS_SSLPSO,1,1,500,obstacle-aware-v2,1000,completed,520.4749523,worker completed
GORS_SSLPSO,1,2,500,obstacle-aware-v2,1000,completed,520.4832354,worker completed
GORS_SSLPSO,1,3,500,obstacle-aware-v2,1000,completed,520.7383635,worker completed
GORS_SSLPSO,1,4,500,obstacle-aware-v2,1000,completed,520.1965073,worker completed
GORS_SSLPSO,1,5,500,obstacle-aware-v2,1000,completed,513.9198029,worker completed
GORS_SSLPSO,1,6,500,obstacle-aware-v2,1000,completed,518.4202862,worker completed
GORS_SSLPSO,1,7,500,obstacle-aware-v2,1000,completed,513.4450269,worker completed
GORS_SSLPSO,1,8,500,obstacle-aware-v2,1000,completed,518.726506,worker completed
GORS_SSLPSO,1,9,500,obstacle-aware-v2,1000,completed,512.4465165,worker completed
GORS_SSLPSO,1,10,500,obstacle-aware-v2,1000,completed,519.4905742,worker completed
GORS_SSLPSO,1,11,500,obstacle-aware-v2,1000,completed,513.4879872,worker completed
GORS_SSLPSO,1,12,500,obstacle-aware-v2,1000,completed,518.7935813,worker completed
GORS_SSLPSO,1,13,500,obstacle-aware-v2,1000,completed,512.2535779,worker completed
GORS_SSLPSO,1,14,500,obstacle-aware-v2,1000,completed,510.9444659,worker completed
GORS_SSLPSO,1,15,500,obstacle-aware-v2,1000,completed,510.5825116,worker completed
GORS_SSLPSO,1,16,500,obstacle-aware-v2,1000,completed,510.600753,worker completed
GORS_SSLPSO,1,17,500,obstacle-aware-v2,1000,completed,516.7276244,worker completed
GORS_SSLPSO,1,18,500,obstacle-aware-v2,1000,completed,516.3380362,worker completed
GORS_SSLPSO,1,19,500,obstacle-aware-v2,1000,completed,517.2133395,worker completed
GORS_SSLPSO,1,20,500,obstacle-aware-v2,1000,completed,514.9459594,worker completed
GORS_SSLPSO,2,1,500,obstacle-aware-v2,1000,completed,514.3680983,worker completed
GORS_SSLPSO,2,2,500,obstacle-aware-v2,1000,completed,512.0824632,worker completed
GORS_SSLPSO,2,3,500,obstacle-aware-v2,1000,completed,514.3429343,worker completed
GORS_SSLPSO,2,4,500,obstacle-aware-v2,1000,completed,514.6159786,worker completed
GORS_SSLPSO,2,5,500,obstacle-aware-v2,1000,completed,507.6945738,worker completed
GORS_SSLPSO,2,6,500,obstacle-aware-v2,1000,completed,507.883356,worker completed
GORS_SSLPSO,2,7,500,obstacle-aware-v2,1000,completed,509.723054,worker completed
GORS_SSLPSO,2,8,500,obstacle-aware-v2,1000,completed,510.7821671,worker completed
GORS_SSLPSO,2,9,500,obstacle-aware-v2,1000,completed,509.4354361,worker completed
GORS_SSLPSO,2,10,500,obstacle-aware-v2,1000,completed,510.0250161,worker completed
GORS_SSLPSO,2,11,500,obstacle-aware-v2,1000,completed,510.2109144,worker completed
GORS_SSLPSO,2,12,500,obstacle-aware-v2,1000,completed,510.5699648,worker completed
GORS_SSLPSO,2,13,500,obstacle-aware-v2,1000,completed,518.5285189,worker completed
GORS_SSLPSO,2,14,500,obstacle-aware-v2,1000,completed,519.9689038,worker completed
GORS_SSLPSO,2,15,500,obstacle-aware-v2,1000,completed,519.9191439,worker completed
GORS_SSLPSO,2,16,500,obstacle-aware-v2,1000,completed,520.3662943,worker completed
GORS_SSLPSO,2,17,500,obstacle-aware-v2,1000,completed,515.9777998,worker completed
GORS_SSLPSO,2,18,500,obstacle-aware-v2,1000,completed,516.7215279,worker completed
GORS_SSLPSO,2,19,500,obstacle-aware-v2,1000,completed,515.7761899,worker completed
GORS_SSLPSO,2,20,500,obstacle-aware-v2,1000,completed,516.2526875,worker completed
SHPSO,1,1,500,obstacle-aware-v2,1000,completed,881.7447643,worker completed
SHPSO,1,2,500,obstacle-aware-v2,1000,completed,879.4440806,worker completed
SHPSO,1,3,500,obstacle-aware-v2,1000,completed,882.5540022,worker completed
SHPSO,1,4,500,obstacle-aware-v2,1000,completed,858.3983125,worker completed
SHPSO,1,5,500,obstacle-aware-v2,0,completed,1.3490419,worker completed
SHPSO,1,6,500,obstacle-aware-v2,1000,completed,827.0265057,worker completed
SHPSO,1,7,500,obstacle-aware-v2,1000,completed,824.9289304,worker completed
SHPSO,1,8,500,obstacle-aware-v2,1000,completed,1558.663952,worker completed
SHPSO,1,9,500,obstacle-aware-v2,1000,completed,819.4296217,worker completed
SHPSO,1,10,500,obstacle-aware-v2,1000,completed,749.3774866,worker completed
SHPSO,1,11,500,obstacle-aware-v2,1000,completed,39882.20298,worker completed
SHPSO,1,12,500,obstacle-aware-v2,1001,completed,509.2227039,worker completed
SHPSO,1,13,500,obstacle-aware-v2,1000,completed,1645.51188,worker completed
SHPSO,1,14,500,obstacle-aware-v2,1000,completed,25125.62546,worker completed
SHPSO,1,15,500,obstacle-aware-v2,1000,completed,16116.36184,worker completed
SHPSO,1,16,500,obstacle-aware-v2,1000,completed,2318.64729,worker completed
SHPSO,1,17,500,obstacle-aware-v2,1000,completed,914.5351076,worker completed
SHPSO,1,18,500,obstacle-aware-v2,1000,completed,6773.745363,worker completed
SHPSO,1,19,500,obstacle-aware-v2,1000,completed,3139.720187,worker completed
SHPSO,1,20,500,obstacle-aware-v2,1000,completed,1630.013918,worker completed
SHPSO,2,1,500,obstacle-aware-v2,1000,completed,645.7754179,worker completed
SHPSO,2,2,500,obstacle-aware-v2,1000,completed,4708.623419,worker completed
SHPSO,2,3,500,obstacle-aware-v2,1000,completed,4718.07533,worker completed
SHPSO,2,4,500,obstacle-aware-v2,1000,completed,982.5206219,worker completed
SHPSO,2,5,500,obstacle-aware-v2,1000,completed,1954.378634,worker completed
SHPSO,2,6,500,obstacle-aware-v2,1000,completed,616.7999674,worker completed
SHPSO,2,7,500,obstacle-aware-v2,1000,completed,5190.812613,worker completed
SHPSO,2,8,500,obstacle-aware-v2,1000,completed,574.1105482,worker completed
SHPSO,2,9,500,obstacle-aware-v2,1000,completed,3130.042273,worker completed
SHPSO,2,10,500,obstacle-aware-v2,1000,completed,841.1035721,worker completed
SHPSO,2,11,500,obstacle-aware-v2,1000,completed,1301.175611,worker completed
SHPSO,2,12,500,obstacle-aware-v2,1000,completed,2643.295243,worker completed
SHPSO,2,13,500,obstacle-aware-v2,1000,completed,982.9120187,worker completed
SHPSO,2,14,500,obstacle-aware-v2,1000,completed,739.6553477,worker completed
SHPSO,2,15,500,obstacle-aware-v2,1000,completed,1082.678039,worker completed
SHPSO,2,16,500,obstacle-aware-v2,1000,completed,994.6691288,worker completed
SHPSO,2,17,500,obstacle-aware-v2,1000,completed,729.711782,worker completed
SHPSO,2,18,500,obstacle-aware-v2,1001,completed,24368.23857,worker completed
SHPSO,2,19,500,obstacle-aware-v2,1000,completed,1024.9417,worker completed
SHPSO,2,20,500,obstacle-aware-v2,1000,completed,551.7530702,worker completed
DE2AcPSO,1,1,500,obstacle-aware-v2,1000,completed,176.4967884,worker completed
DE2AcPSO,1,2,500,obstacle-aware-v2,1000,completed,176.7891168,worker completed
DE2AcPSO,1,3,500,obstacle-aware-v2,1000,completed,176.9634207,worker completed
DE2AcPSO,1,4,500,obstacle-aware-v2,1000,completed,175.855375,worker completed
DE2AcPSO,1,5,500,obstacle-aware-v2,1000,completed,179.2000577,worker completed
DE2AcPSO,1,6,500,obstacle-aware-v2,1000,completed,177.2618325,worker completed
DE2AcPSO,1,7,500,obstacle-aware-v2,1000,completed,180.5403198,worker completed
DE2AcPSO,1,8,500,obstacle-aware-v2,1000,completed,177.9392684,worker completed
DE2AcPSO,1,9,500,obstacle-aware-v2,1000,completed,179.8767985,worker completed
DE2AcPSO,1,10,500,obstacle-aware-v2,1000,completed,178.2476149,worker completed
DE2AcPSO,1,11,500,obstacle-aware-v2,1000,completed,181.0949263,worker completed
DE2AcPSO,1,12,500,obstacle-aware-v2,1000,completed,179.01359,worker completed
DE2AcPSO,1,13,500,obstacle-aware-v2,1000,completed,219.8211853,worker completed
DE2AcPSO,1,14,500,obstacle-aware-v2,1000,completed,220.0315772,worker completed
DE2AcPSO,1,15,500,obstacle-aware-v2,1000,completed,218.4826102,worker completed
DE2AcPSO,1,16,500,obstacle-aware-v2,1000,completed,220.494456,worker completed
DE2AcPSO,1,17,500,obstacle-aware-v2,1000,completed,210.9562803,worker completed
DE2AcPSO,1,18,500,obstacle-aware-v2,1000,completed,212.919136,worker completed
DE2AcPSO,1,19,500,obstacle-aware-v2,1000,completed,210.5533582,worker completed
DE2AcPSO,1,20,500,obstacle-aware-v2,1000,completed,212.4488109,worker completed
DE2AcPSO,2,1,500,obstacle-aware-v2,1000,completed,312.5217597,worker completed
DE2AcPSO,2,2,500,obstacle-aware-v2,1000,completed,312.5725572,worker completed
DE2AcPSO,2,3,500,obstacle-aware-v2,1000,completed,312.7744157,worker completed
DE2AcPSO,2,4,500,obstacle-aware-v2,1000,completed,310.7151615,worker completed
DE2AcPSO,2,5,500,obstacle-aware-v2,1000,completed,236.9247918,worker completed
DE2AcPSO,2,6,500,obstacle-aware-v2,1000,completed,251.5540759,worker completed
DE2AcPSO,2,7,500,obstacle-aware-v2,1000,completed,236.6236781,worker completed
DE2AcPSO,2,8,500,obstacle-aware-v2,1000,completed,251.677351,worker completed
DE2AcPSO,2,9,500,obstacle-aware-v2,1000,completed,236.3560243,worker completed
DE2AcPSO,2,10,500,obstacle-aware-v2,1000,completed,253.0276513,worker completed
DE2AcPSO,2,11,500,obstacle-aware-v2,1000,completed,238.5620505,worker completed
DE2AcPSO,2,12,500,obstacle-aware-v2,1000,completed,253.8341273,worker completed
DE2AcPSO,2,13,500,obstacle-aware-v2,1000,completed,230.374695,worker completed
DE2AcPSO,2,14,500,obstacle-aware-v2,1000,completed,229.9683802,worker completed
DE2AcPSO,2,15,500,obstacle-aware-v2,1000,completed,229.2469316,worker completed
DE2AcPSO,2,16,500,obstacle-aware-v2,1000,completed,229.0247113,worker completed
DE2AcPSO,2,17,500,obstacle-aware-v2,1000,completed,241.5465828,worker completed
DE2AcPSO,2,18,500,obstacle-aware-v2,1000,completed,239.6905459,worker completed
DE2AcPSO,2,19,500,obstacle-aware-v2,1000,completed,242.3008343,worker completed
DE2AcPSO,2,20,500,obstacle-aware-v2,1000,completed,238.7767853,worker completed
