Instance,Function,Dimension,Competitor,CompetitorN,DE2AcPSON,CompetitorMean,DE2AcPSOMean,CompetitorMedian,DE2AcPSOMedian,RawP,HolmP,A12DE2VsCompetitor,Sign
1,1,30,L2SMEA,20,20,12918.0094689084,6.48963819573872e-14,12198.1274835238,1.40223163438631e-14,6.79561512817339e-08,1.39792395504816e-05,1,-
1,1,30,SADEAMSS,20,20,16.9794894281285,6.48963819573872e-14,14.9224088805706,1.40223163438631e-14,6.79561512817339e-08,1.39792395504816e-05,1,-
1,1,30,SAMSO,20,20,3192.14295614187,6.48963819573872e-14,3044.90525624161,1.40223163438631e-14,6.79561512817339e-08,1.39792395504816e-05,1,-
1,1,30,GORS-SSLPSO,20,20,2.5995493310357e-07,6.48963819573872e-14,2.56676313264138e-07,1.40223163438631e-14,6.79561512817339e-08,1.39792395504816e-05,1,-
1,1,30,SHPSO,20,20,0.192920897138755,6.48963819573872e-14,0.169001230652266,1.40223163438631e-14,6.79561512817339e-08,1.39792395504816e-05,1,-
2,1,50,L2SMEA,20,20,25734.6933306498,4.17406549469526e-08,25902.9812820302,3.78215702191681e-12,6.79561512817339e-08,1.39792395504816e-05,1,-
2,1,50,SADEAMSS,20,20,166.677643564654,4.17406549469526e-08,155.212537350323,3.78215702191681e-12,6.79561512817339e-08,1.39792395504816e-05,1,-
2,1,50,SAMSO,20,20,3378.50106556541,4.17406549469526e-08,3176.44000317906,3.78215702191681e-12,6.79561512817339e-08,1.39792395504816e-05,1,-
2,1,50,GORS-SSLPSO,20,20,1000.00000071019,4.17406549469526e-08,7.67593628919526e-07,3.78215702191681e-12,1.91771195233747e-07,1.39792395504816e-05,0.9825,-
2,1,50,SHPSO,20,20,0.914001003830021,4.17406549469526e-08,0.868415819862524,3.78215702191681e-12,6.79561512817339e-08,1.39792395504816e-05,1,-
3,1,100,L2SMEA,20,20,80784.3491093928,5.96366704866154e-07,80854.8232745363,1.09869313557664e-07,6.79561512817339e-08,1.39792395504816e-05,1,-
3,1,100,SADEAMSS,20,20,2218.66422610191,5.96366704866154e-07,1610.76419311225,1.09869313557664e-07,6.79561512817339e-08,1.39792395504816e-05,1,-
3,1,100,SAMSO,20,20,29997.8343335411,5.96366704866154e-07,31100.1266193727,1.09869313557664e-07,6.79561512817339e-08,1.39792395504816e-05,1,-
3,1,100,GORS-SSLPSO,20,20,7500.00141794862,5.96366704866154e-07,5000.00219372839,1.09869313557664e-07,6.79561512817339e-08,1.39792395504816e-05,1,-
3,1,100,SHPSO,20,20,13.9373538238919,5.96366704866154e-07,13.3605717303233,1.09869313557664e-07,6.79561512817339e-08,1.39792395504816e-05,1,-
4,1,200,L2SMEA,20,20,227647.41426674,0.00813602102868643,226001.393586845,0.00474980315825268,6.79561512817339e-08,1.39792395504816e-05,1,-
4,1,200,SADEAMSS,20,20,49127.1625698818,0.00813602102868643,45793.6643551888,0.00474980315825268,6.79561512817339e-08,1.39792395504816e-05,1,-
4,1,200,SAMSO,20,20,57142.3184534391,0.00813602102868643,44900.7341369915,0.00474980315825268,6.79561512817339e-08,1.39792395504816e-05,1,-
4,1,200,GORS-SSLPSO,20,20,5.47534131933896,0.00813602102868643,5.47337375064225,0.00474980315825268,6.79561512817339e-08,1.39792395504816e-05,1,-
4,1,200,SHPSO,20,20,122.015001374842,0.00813602102868643,119.231921628091,0.00474980315825268,6.79561512817339e-08,1.39792395504816e-05,1,-
5,1,500,L2SMEA,0,20,NaN,NaN,NaN,NaN,NaN,NaN,NaN,NA
5,1,500,SADEAMSS,20,20,329689.275047988,133.644053112182,327283.314728603,97.0967332369695,6.79561512817339e-08,1.39792395504816e-05,1,-
5,1,500,SAMSO,0,20,NaN,NaN,NaN,NaN,NaN,NaN,NaN,NA
5,1,500,GORS-SSLPSO,20,20,34827.4886077532,133.644053112182,33377.5168860724,97.0967332369695,6.79561512817339e-08,1.39792395504816e-05,1,-
5,1,500,SHPSO,20,20,12833.2880463758,133.644053112182,15023.9959807555,97.0967332369695,6.79561512817339e-08,1.39792395504816e-05,1,-
6,1,1000,L2SMEA,0,20,NaN,NaN,NaN,NaN,NaN,NaN,NaN,NA
6,1,1000,SADEAMSS,20,20,664719.222524022,444.782514761797,654550.553365411,429.114904491998,6.79561512817339e-08,1.39792395504816e-05,1,-
6,1,1000,SAMSO,0,20,NaN,NaN,NaN,NaN,NaN,NaN,NaN,NA
6,1,1000,GORS-SSLPSO,20,20,3090722.28574489,444.782514761797,3097981.82452658,429.114904491998,6.79561512817339e-08,1.39792395504816e-05,1,-
6,1,1000,SHPSO,20,20,53857.6915237321,444.782514761797,47918.0321645434,429.114904491998,6.79561512817339e-08,1.39792395504816e-05,1,-
7,5,30,L2SMEA,20,20,10781747.2151514,62486.666878566,10257180.8178301,59985.5154229827,6.79561512817339e-08,1.39792395504816e-05,1,-
7,5,30,SADEAMSS,20,20,4163.02171846091,62486.666878566,2038.03642848925,59985.5154229827,3.41557569350374e-07,1.81025511755698e-05,0.0275,+
7,5,30,SAMSO,20,20,326290.413943556,62486.666878566,223053.531498658,59985.5154229827,2.21776433009225e-07,1.39792395504816e-05,0.98,-
7,5,30,GORS-SSLPSO,20,20,32005.4152629196,62486.666878566,31699.6927969928,59985.5154229827,0.000247061301322296,0.00642359383437969,0.16,+
7,5,30,SHPSO,20,20,2664.47579629127,62486.666878566,2482.98134186912,59985.5154229827,1.65707929338588e-07,1.39792395504816e-05,0.015,+
8,5,50,L2SMEA,20,20,31170055.7165128,189574.960922144,28692521.8590683,206956.326137204,6.79561512817339e-08,1.39792395504816e-05,1,-
8,5,50,SADEAMSS,20,20,60009.7297466534,189574.960922144,44240.1125949643,206956.326137204,5.16577882449716e-06,0.000206631152979886,0.0775,+
8,5,50,SAMSO,20,20,2860193.91189655,189574.960922144,3076870.09400735,206956.326137204,6.79561512817339e-08,1.39792395504816e-05,1,-
8,5,50,GORS-SSLPSO,20,20,146090.854725963,189574.960922144,148024.876956716,206956.326137204,0.00835482733564452,0.108612755363379,0.255,=
8,5,50,SHPSO,20,20,12460.5060967846,189574.960922144,11198.2838917996,206956.326137204,6.79561512817339e-08,1.39792395504816e-05,0,+
9,5,100,L2SMEA,20,20,158659143.550798,425718.763971906,177396178.798671,393790.125755577,6.79561512817339e-08,1.39792395504816e-05,1,-
9,5,100,SADEAMSS,20,20,1913421.63365388,425718.763971906,1479845.35367185,393790.125755577,3.9388054728666e-07,2.04817884589063e-05,0.97,-
9,5,100,SAMSO,20,20,14474510.1044143,425718.763971906,4420494.15631403,393790.125755577,6.79561512817339e-08,1.39792395504816e-05,1,-
9,5,100,GORS-SSLPSO,20,20,9020819.33314523,425718.763971906,1044962.80815847,393790.125755577,6.79561512817339e-08,1.39792395504816e-05,1,-
9,5,100,SHPSO,20,20,174837.356251099,425718.763971906,165335.82157486,393790.125755577,1.06456898375025e-07,1.39792395504816e-05,0.0075,+
10,5,200,L2SMEA,20,20,563886690.057599,375962.873531492,545183620.237394,373658.189903805,6.79561512817339e-08,1.39792395504816e-05,1,-
10,5,200,SADEAMSS,20,20,47846929.7879776,375962.873531492,40385430.4632831,373658.189903805,6.79561512817339e-08,1.39792395504816e-05,1,-
10,5,200,SAMSO,20,20,86358881.0276393,375962.873531492,65145583.2455207,373658.189903805,6.79561512817339e-08,1.39792395504816e-05,1,-
10,5,200,GORS-SSLPSO,20,20,413328.126346329,375962.873531492,399768.83412863,373658.189903805,0.107511359696006,0.818166449255639,0.65,=
10,5,200,SHPSO,20,20,452539.24342547,375962.873531492,410115.727309529,373658.189903805,0.163595725611132,0.818166449255639,0.63,=
11,5,500,L2SMEA,0,20,NaN,NaN,NaN,NaN,NaN,NaN,NaN,NA
11,5,500,SADEAMSS,20,20,595704539.046255,418763.251653126,598744031.848423,401255.627932983,6.79561512817339e-08,1.39792395504816e-05,1,-
11,5,500,SAMSO,0,20,NaN,NaN,NaN,NaN,NaN,NaN,NaN,NA
11,5,500,GORS-SSLPSO,20,20,13185178.1730246,418763.251653126,13538361.9529597,401255.627932983,6.79561512817339e-08,1.39792395504816e-05,1,-
11,5,500,SHPSO,20,20,28329176.492572,418763.251653126,8616799.89338094,401255.627932983,1.41487970084259e-05,0.000509356692303334,0.9025,-
12,5,1000,L2SMEA,0,20,NaN,NaN,NaN,NaN,NaN,NaN,NaN,NA
12,5,1000,SADEAMSS,20,20,1420013195.41848,298884389.308031,1409763604.90416,274413181.019439,6.79561512817339e-08,1.39792395504816e-05,1,-
12,5,1000,SAMSO,0,20,NaN,NaN,NaN,NaN,NaN,NaN,NaN,NA
12,5,1000,GORS-SSLPSO,20,20,14433945154.0459,298884389.308031,14495592705.1758,274413181.019439,6.79561512817339e-08,1.39792395504816e-05,1,-
12,5,1000,SHPSO,20,20,135147479.764609,298884389.308031,66468449.7626591,274413181.019439,0.00092091339428801,0.0193391812800482,0.1925,+
13,8,30,L2SMEA,20,20,-3086.83175326198,-8193.99288359725,-3023.71744668078,-8555.32035641985,1.65707929338588e-07,1.39792395504816e-05,0.985,-
13,8,30,SADEAMSS,20,20,-7172.26393992474,-8193.99288359725,-7110.45111454664,-8555.32035641985,5.89591721792152e-05,0.00188669350973489,0.8725,-
13,8,30,SAMSO,20,20,-3476.34657577176,-8193.99288359725,-3423.8017985578,-8555.32035641985,1.04727416652075e-06,4.71273374934337e-05,0.9525,-
13,8,30,GORS-SSLPSO,20,20,-7420.21063110196,-8193.99288359725,-7225.97500319288,-8555.32035641985,0.000460072727009042,0.010581672721208,0.825,-
13,8,30,SHPSO,20,20,-5516.4516579047,-8193.99288359725,-5398.69430144355,-8555.32035641985,3.70511597056295e-05,0.00122268827028577,0.8825,-
14,8,50,L2SMEA,20,20,-3684.40419032465,-13015.8192349285,-3642.54131954342,-13750.5315037989,1.23463501549568e-07,1.39792395504816e-05,0.99,-
14,8,50,SADEAMSS,20,20,-9679.33521859789,-13015.8192349285,-9687.08538554345,-13750.5315037989,1.59972352463448e-05,0.000559903233622069,0.9,-
14,8,50,SAMSO,20,20,-4532.26818028217,-13015.8192349285,-4516.72353515864,-13750.5315037989,6.01479700532017e-07,2.94725053260688e-05,0.9625,-
14,8,50,GORS-SSLPSO,20,20,-11938.6715770498,-13015.8192349285,-11908.2380037946,-13750.5315037989,0.000835716821727255,0.0183857700779996,0.81,-
14,8,50,SHPSO,20,20,-6887.88187574124,-13015.8192349285,-6753.77907152472,-13750.5315037989,1.25051637029743e-05,0.000462691057010048,0.905,-
15,8,100,L2SMEA,20,20,-5622.80181717813,-20197.9449236422,-5685.14667867514,-21087.2765857728,6.79561512817339e-08,1.39792395504816e-05,1,-
15,8,100,SADEAMSS,20,20,-13119.5578295787,-20197.9449236422,-12725.7375179127,-21087.2765857728,1.59972352463448e-05,0.000559903233622069,0.9,-
15,8,100,SAMSO,20,20,-6028.39613360905,-20197.9449236422,-5880.00368874047,-21087.2765857728,7.8980336666747e-08,1.39792395504816e-05,0.9975,-
15,8,100,GORS-SSLPSO,20,20,-23397.5430802099,-20197.9449236422,-23874.3107941676,-21087.2765857728,0.000103734007261614,0.00300828621058679,0.14,+
15,8,100,SHPSO,20,20,-8573.73737243546,-20197.9449236422,-8411.19263454601,-21087.2765857728,2.9597537336757e-07,1.59826701618488e-05,0.975,-
16,8,200,L2SMEA,20,20,-8300.86112757137,-23643.4925912541,-8330.81580989874,-25608.3200400044,7.8980336666747e-08,1.39792395504816e-05,0.9975,-
16,8,200,SADEAMSS,20,20,-19564.6062649753,-23643.4925912541,-19787.546866674,-25608.3200400044,0.00101409868521604,0.0202819737043209,0.805,-
16,8,200,SAMSO,20,20,-8448.48342462498,-23643.4925912541,-8041.96463154801,-25608.3200400044,9.1727727116565e-08,1.39792395504816e-05,0.995,-
16,8,200,GORS-SSLPSO,20,20,-43784.4360945841,-23643.4925912541,-43866.7346895335,-25608.3200400044,6.79561512817339e-08,1.39792395504816e-05,0,+
16,8,200,SHPSO,20,20,-11704.6361777196,-23643.4925912541,-11656.8934924705,-25608.3200400044,1.20088819384235e-06,5.28390805290633e-05,0.95,-
17,8,500,L2SMEA,0,20,NaN,NaN,NaN,NaN,NaN,NaN,NaN,NA
17,8,500,SADEAMSS,20,20,-34616.3356644471,-28398.518593696,-34220.0131654934,-29592.7326841589,0.0123447457586171,0.148136949103406,0.2675,=
17,8,500,SAMSO,0,20,NaN,NaN,NaN,NaN,NaN,NaN,NaN,NA
17,8,500,GORS-SSLPSO,20,20,-43108.5821585058,-28398.518593696,-47796.3540603143,-29592.7326841589,0.00363882622462475,0.0509435671447466,0.23,=
17,8,500,SHPSO,20,20,-17067.2597399813,-28398.518593696,-16994.7186846299,-29592.7326841589,0.000274510784283185,0.00686276960707962,0.8375,-
18,8,1000,L2SMEA,0,20,NaN,NaN,NaN,NaN,NaN,NaN,NaN,NA
18,8,1000,SADEAMSS,20,20,-55666.8139424245,-22124.7360718899,-55357.1883622011,-21677.8148156124,6.79561512817339e-08,1.39792395504816e-05,0,+
18,8,1000,SAMSO,0,20,NaN,NaN,NaN,NaN,NaN,NaN,NaN,NA
18,8,1000,GORS-SSLPSO,20,20,-20786.8228755452,-22124.7360718899,-20617.0435481615,-21677.8148156124,0.101728631415006,0.818166449255639,0.6525,=
18,8,1000,SHPSO,20,20,-26207.7611492607,-22124.7360718899,-26292.6233460351,-21677.8148156124,0.00178237553750544,0.0285180086000871,0.21,+
19,9,30,L2SMEA,20,20,271.822816451223,33.9280082712015,275.264446583716,30.8436853840822,6.78603861673865e-08,1.39792395504816e-05,1,-
19,9,30,SADEAMSS,20,20,239.111956852173,33.9280082712015,233.192060063672,30.8436853840822,6.78603861673865e-08,1.39792395504816e-05,1,-
19,9,30,SAMSO,20,20,202.232334722949,33.9280082712015,196.59001958781,30.8436853840822,6.78603861673865e-08,1.39792395504816e-05,1,-
19,9,30,GORS-SSLPSO,20,20,90.4627566241022,33.9280082712015,82.1193148339089,30.8436853840822,6.90829236796063e-07,3.3159803366211e-05,0.96,-
19,9,30,SHPSO,20,20,181.502027606204,33.9280082712015,181.146460518894,30.8436853840822,6.78603861673865e-08,1.39792395504816e-05,1,-
20,9,50,L2SMEA,20,20,509.304210025207,80.232419676904,512.370867842659,56.215095960741,6.79561512817339e-08,1.39792395504816e-05,1,-
20,9,50,SADEAMSS,20,20,457.770327650756,80.232419676904,461.159878963351,56.215095960741,6.79561512817339e-08,1.39792395504816e-05,1,-
20,9,50,SAMSO,20,20,404.808366021094,80.232419676904,414.376779725688,56.215095960741,6.79561512817339e-08,1.39792395504816e-05,1,-
20,9,50,GORS-SSLPSO,20,20,159.864514479569,80.232419676904,156.705531181466,56.215095960741,0.000144382559315279,0.0040427116608278,0.8525,-
20,9,50,SHPSO,20,20,338.459337997252,80.232419676904,342.013335347232,56.215095960741,1.06456898375025e-07,1.39792395504816e-05,0.9925,-
21,9,100,L2SMEA,20,20,1164.09282420766,477.905643677811,1180.63808497996,464.772227985856,6.79561512817339e-08,1.39792395504816e-05,1,-
21,9,100,SADEAMSS,20,20,949.946717896215,477.905643677811,938.713578850725,464.772227985856,6.79561512817339e-08,1.39792395504816e-05,1,-
21,9,100,SAMSO,20,20,959.150927723302,477.905643677811,953.087185881158,464.772227985856,6.79561512817339e-08,1.39792395504816e-05,1,-
21,9,100,GORS-SSLPSO,20,20,350.113680150596,477.905643677811,355.270440519377,464.772227985856,9.12664663019393e-07,4.19825744988921e-05,0.045,+
21,9,100,SHPSO,20,20,914.7564237821,477.905643677811,923.341577992292,464.772227985856,6.79561512817339e-08,1.39792395504816e-05,1,-
22,9,200,L2SMEA,20,20,2622.29444860005,1244.39640891707,2618.22976918655,1239.44950102449,6.79561512817339e-08,1.39792395504816e-05,1,-
22,9,200,SADEAMSS,20,20,2269.67290741876,1244.39640891707,2296.73952454555,1239.44950102449,6.79561512817339e-08,1.39792395504816e-05,1,-
22,9,200,SAMSO,20,20,2088.64033380192,1244.39640891707,2084.06611236129,1239.44950102449,6.79561512817339e-08,1.39792395504816e-05,1,-
22,9,200,GORS-SSLPSO,20,20,696.218266329292,1244.39640891707,676.110791843407,1239.44950102449,6.79561512817339e-08,1.39792395504816e-05,0,+
22,9,200,SHPSO,20,20,1876.2765535404,1244.39640891707,1882.03553464626,1239.44950102449,6.79561512817339e-08,1.39792395504816e-05,1,-
23,9,500,L2SMEA,0,20,NaN,NaN,NaN,NaN,NaN,NaN,NaN,NA
23,9,500,SADEAMSS,20,20,6026.9180377872,3798.69033442734,6052.01832714387,3756.55500352025,6.79561512817339e-08,1.39792395504816e-05,1,-
23,9,500,SAMSO,0,20,NaN,NaN,NaN,NaN,NaN,NaN,NaN,NA
23,9,500,GORS-SSLPSO,20,20,5228.27353810048,3798.69033442734,5216.34790199583,3756.55500352025,6.79561512817339e-08,1.39792395504816e-05,1,-
23,9,500,SHPSO,20,20,4753.84277376878,3798.69033442734,4739.09194490751,3756.55500352025,7.8980336666747e-08,1.39792395504816e-05,0.9975,-
24,9,1000,L2SMEA,0,20,NaN,NaN,NaN,NaN,NaN,NaN,NaN,NA
24,9,1000,SADEAMSS,20,20,12338.951705635,11251.9045730188,12343.1805489036,11189.3328148996,1.43085312514439e-07,1.39792395504816e-05,0.9875,-
24,9,1000,SAMSO,0,20,NaN,NaN,NaN,NaN,NaN,NaN,NaN,NA
24,9,1000,GORS-SSLPSO,20,20,17749.4267370703,11251.9045730188,17738.3967298604,11189.3328148996,6.79561512817339e-08,1.39792395504816e-05,1,-
24,9,1000,SHPSO,20,20,9960.38357832361,11251.9045730188,9897.80330852423,11189.3328148996,6.79561512817339e-08,1.39792395504816e-05,0,+
25,10,30,L2SMEA,20,20,16.1624509730031,0.675250031109779,16.2876718849183,0.638100452545649,6.79561512817339e-08,1.39792395504816e-05,1,-
25,10,30,SADEAMSS,20,20,5.53616862664171,0.675250031109779,5.42355555745742,0.638100452545649,6.79561512817339e-08,1.39792395504816e-05,1,-
25,10,30,SAMSO,20,20,19.1184934475452,0.675250031109779,19.9619255844667,0.638100452545649,6.79561512817339e-08,1.39792395504816e-05,1,-
25,10,30,GORS-SSLPSO,20,20,4.95440598413867,0.675250031109779,4.88320684497222,0.638100452545649,6.79561512817339e-08,1.39792395504816e-05,1,-
25,10,30,SHPSO,20,20,1.91873499391808,0.675250031109779,1.95437758995633,0.638100452545649,1.20088819384235e-06,5.28390805290633e-05,0.95,-
26,10,50,L2SMEA,20,20,17.1629422743975,2.68291622325307,17.3104411986175,2.67501685038394,6.79561512817339e-08,1.39792395504816e-05,1,-
26,10,50,SADEAMSS,20,20,7.44859665893464,2.68291622325307,7.40450383758108,2.67501685038394,6.79561512817339e-08,1.39792395504816e-05,1,-
26,10,50,SAMSO,20,20,19.9638639374635,2.68291622325307,19.963753336562,2.67501685038394,6.74784973735996e-08,1.39680489563351e-05,1,-
26,10,50,GORS-SSLPSO,20,20,7.94495349898625,2.68291622325307,6.96475065208205,2.67501685038394,7.94794790882293e-07,3.73553551714678e-05,0.9575,-
26,10,50,SHPSO,20,20,2.43213131769018,2.68291622325307,2.48256824062575,2.67501685038394,0.00122718303399639,0.0220892946119351,0.2,+
27,10,100,L2SMEA,20,20,18.4933809549462,4.52968508658659,18.4886335457318,4.3267295637815,6.79561512817339e-08,1.39792395504816e-05,1,-
27,10,100,SADEAMSS,20,20,8.20188155384915,4.52968508658659,8.25543448970351,4.3267295637815,6.79561512817339e-08,1.39792395504816e-05,1,-
27,10,100,SAMSO,20,20,19.9322702358515,4.52968508658659,19.9648511028879,4.3267295637815,6.70037636116498e-08,1.39367828312232e-05,1,-
27,10,100,GORS-SSLPSO,20,20,14.1049110499224,4.52968508658659,14.6948925603416,4.3267295637815,6.79561512817339e-08,1.39792395504816e-05,1,-
27,10,100,SHPSO,20,20,5.14759245558953,4.52968508658659,5.04038892381813,4.3267295637815,0.000199706675036602,0.00539208022598827,0.845,-
28,10,200,L2SMEA,20,20,19.282783338826,7.03504464568609,19.325519529688,6.8905040033644,6.79561512817339e-08,1.39792395504816e-05,1,-
28,10,200,SADEAMSS,20,20,13.0657100925854,7.03504464568609,13.1825247783257,6.8905040033644,6.79561512817339e-08,1.39792395504816e-05,1,-
28,10,200,SAMSO,20,20,19.8285022154649,7.03504464568609,19.9665949728514,6.8905040033644,6.79561512817339e-08,1.39792395504816e-05,1,-
28,10,200,GORS-SSLPSO,20,20,19.0164477659668,7.03504464568609,19.1695342818811,6.8905040033644,6.79561512817339e-08,1.39792395504816e-05,1,-
28,10,200,SHPSO,20,20,6.83660036375232,7.03504464568609,6.70342163015138,6.8905040033644,0.285304715907688,0.914777416949823,0.4,=
29,10,500,L2SMEA,0,20,NaN,NaN,NaN,NaN,NaN,NaN,NaN,NA
29,10,500,SADEAMSS,20,20,17.2287551552934,8.30485356384825,17.3277634987719,8.26417539696916,6.79561512817339e-08,1.39792395504816e-05,1,-
29,10,500,SAMSO,0,20,NaN,NaN,NaN,NaN,NaN,NaN,NaN,NA
29,10,500,GORS-SSLPSO,20,20,20.506056538851,8.30485356384825,20.5081182738128,8.26417539696916,6.79561512817339e-08,1.39792395504816e-05,1,-
29,10,500,SHPSO,20,20,11.0751952979124,8.30485356384825,11.4817315507159,8.26417539696916,5.89591721792152e-05,0.00188669350973489,0.8725,-
30,10,1000,L2SMEA,0,20,NaN,NaN,NaN,NaN,NaN,NaN,NaN,NA
30,10,1000,SADEAMSS,20,20,18.2430547207806,19.7828379407442,18.2994656428281,19.8167465723936,6.79561512817339e-08,1.39792395504816e-05,0,+
30,10,1000,SAMSO,0,20,NaN,NaN,NaN,NaN,NaN,NaN,NaN,NA
30,10,1000,GORS-SSLPSO,20,20,21.122388489065,19.7828379407442,21.1243170347257,19.8167465723936,6.79561512817339e-08,1.39792395504816e-05,1,-
30,10,1000,SHPSO,20,20,12.8969208988699,19.7828379407442,13.0692119436536,19.8167465723936,6.79561512817339e-08,1.39792395504816e-05,0,+
31,11,30,L2SMEA,20,20,112.931511983874,0.0181020616158797,107.597552951116,0.00951610553082877,6.79561512817339e-08,1.39792395504816e-05,1,-
31,11,30,SADEAMSS,20,20,1.11276972137856,0.0181020616158797,1.09228083490007,0.00951610553082877,6.79561512817339e-08,1.39792395504816e-05,1,-
31,11,30,SAMSO,20,20,53.1945755957007,0.0181020616158797,37.974116881147,0.00951610553082877,6.79561512817339e-08,1.39792395504816e-05,1,-
31,11,30,GORS-SSLPSO,20,20,0.00699660700265115,0.0181020616158797,0.00746323686247174,0.00951610553082877,0.0274834219756216,0.302317641731837,0.295,=
31,11,30,SHPSO,20,20,0.908223701567181,0.0181020616158797,0.913402678966953,0.00951610553082877,6.79561512817339e-08,1.39792395504816e-05,1,-
32,11,50,L2SMEA,20,20,245.804720350304,0.0129821532972091,239.773420710189,0.00482144487995978,6.79561512817339e-08,1.39792395504816e-05,1,-
32,11,50,SADEAMSS,20,20,2.34887156153472,0.0129821532972091,2.24347313140142,0.00482144487995978,6.79561512817339e-08,1.39792395504816e-05,1,-
32,11,50,SAMSO,20,20,73.4033507942118,0.0129821532972091,75.4127962612493,0.00482144487995978,6.79561512817339e-08,1.39792395504816e-05,1,-
32,11,50,GORS-SSLPSO,20,20,4.52619533354864,0.0129821532972091,0.00119677052332695,0.00482144487995978,0.0909073832506265,0.818166449255639,0.3425,=
32,11,50,SHPSO,20,20,0.948087137349788,0.0129821532972091,0.947582409795772,0.00482144487995978,6.79561512817339e-08,1.39792395504816e-05,1,-
33,11,100,L2SMEA,20,20,714.420576086918,0.136986846218704,727.464026801117,0.114112920531887,6.79561512817339e-08,1.39792395504816e-05,1,-
33,11,100,SADEAMSS,20,20,21.1932910994135,0.136986846218704,19.2447598750377,0.114112920531887,6.79561512817339e-08,1.39792395504816e-05,1,-
33,11,100,SAMSO,20,20,1009.23097809709,0.136986846218704,1052.0879408053,0.114112920531887,6.79561512817339e-08,1.39792395504816e-05,1,-
33,11,100,GORS-SSLPSO,20,20,49.8169358822954,0.136986846218704,0.232618455672629,0.114112920531887,8.29241677448933e-05,0.0024877250323468,0.865,-
33,11,100,SHPSO,20,20,1.13404934423701,0.136986846218704,1.12663845264522,0.114112920531887,6.79561512817339e-08,1.39792395504816e-05,1,-
34,11,200,L2SMEA,20,20,1966.09704233974,0.666919960521273,1971.62789463925,0.640128396823135,6.79561512817339e-08,1.39792395504816e-05,1,-
34,11,200,SADEAMSS,20,20,429.868979079998,0.666919960521273,412.449000545551,0.640128396823135,6.79561512817339e-08,1.39792395504816e-05,1,-
34,11,200,SAMSO,20,20,2285.39695341384,0.666919960521273,2525.44430766011,0.640128396823135,6.79561512817339e-08,1.39792395504816e-05,1,-
34,11,200,GORS-SSLPSO,20,20,1.02089487115154,0.666919960521273,1.02763066534138,0.640128396823135,5.22688532268578e-07,2.61344266134289e-05,0.965,-
34,11,200,SHPSO,20,20,2.17169539638495,0.666919960521273,2.17547225560607,0.640128396823135,6.79561512817339e-08,1.39792395504816e-05,1,-
35,11,500,L2SMEA,0,20,NaN,NaN,NaN,NaN,NaN,NaN,NaN,NA
35,11,500,SADEAMSS,20,20,3022.28197784593,2.15325416081348,3036.44256649062,1.79022780005337,6.79561512817339e-08,1.39792395504816e-05,1,-
35,11,500,SAMSO,0,20,NaN,NaN,NaN,NaN,NaN,NaN,NaN,NA
35,11,500,GORS-SSLPSO,20,20,369.042247105116,2.15325416081348,364.563786516048,1.79022780005337,6.79561512817339e-08,1.39792395504816e-05,1,-
35,11,500,SHPSO,20,20,108.003620327639,2.15325416081348,99.6821034410623,1.79022780005337,6.79561512817339e-08,1.39792395504816e-05,1,-
36,11,1000,L2SMEA,0,20,NaN,NaN,NaN,NaN,NaN,NaN,NaN,NA
36,11,1000,SADEAMSS,20,20,5939.87361616019,4.41066749454263,5858.3533332153,4.810927922555,6.79561512817339e-08,1.39792395504816e-05,1,-
36,11,1000,SAMSO,0,20,NaN,NaN,NaN,NaN,NaN,NaN,NaN,NA
36,11,1000,GORS-SSLPSO,20,20,27759.7117876972,4.41066749454263,27742.3176598163,4.810927922555,6.79561512817339e-08,1.39792395504816e-05,1,-
36,11,1000,SHPSO,20,20,658.763593390645,4.41066749454263,715.071346719876,4.810927922555,6.79561512817339e-08,1.39792395504816e-05,1,-
37,12,30,L2SMEA,20,20,3600876.54380314,103.621519220796,2058139.3647474,86.6073202676012,6.79561512817339e-08,1.39792395504816e-05,1,-
37,12,30,SADEAMSS,20,20,130.606633933423,103.621519220796,113.524092142142,86.6073202676012,0.0294408844120829,0.302317641731837,0.7025,=
37,12,30,SAMSO,20,20,18174.8839993195,103.621519220796,455.78947319302,86.6073202676012,2.21776433009225e-07,1.39792395504816e-05,0.98,-
37,12,30,GORS-SSLPSO,20,20,8199.161517772,103.621519220796,7698.10593484704,86.6073202676012,6.79561512817339e-08,1.39792395504816e-05,1,-
37,12,30,SHPSO,20,20,146.624006665174,103.621519220796,127.156214926847,86.6073202676012,0.0909073832506265,0.818166449255639,0.6575,=
38,12,50,L2SMEA,20,20,29889653.5603355,355.508588448721,21147939.5485398,352.636338462865,6.79561512817339e-08,1.39792395504816e-05,1,-
38,12,50,SADEAMSS,20,20,1363.27188673136,355.508588448721,837.284805837153,352.636338462865,1.91771195233747e-07,1.39792395504816e-05,0.9825,-
38,12,50,SAMSO,20,20,531877.20336912,355.508588448721,404630.871146349,352.636338462865,6.79561512817339e-08,1.39792395504816e-05,1,-
38,12,50,GORS-SSLPSO,20,20,37587.855648343,355.508588448721,35644.8318052188,352.636338462865,6.79561512817339e-08,1.39792395504816e-05,1,-
38,12,50,SHPSO,20,20,449.234999899282,355.508588448721,350.527488384168,352.636338462865,0.542771701517007,1,0.5575,=
39,12,100,L2SMEA,20,20,290318075.852833,774.126089912064,286581179.424358,748.757552442208,6.79561512817339e-08,1.39792395504816e-05,1,-
39,12,100,SADEAMSS,20,20,731440.192870343,774.126089912064,470532.780686632,748.757552442208,6.79561512817339e-08,1.39792395504816e-05,1,-
39,12,100,SAMSO,20,20,89342.5635897951,774.126089912064,37194.5079751253,748.757552442208,6.79561512817339e-08,1.39792395504816e-05,1,-
39,12,100,GORS-SSLPSO,20,20,13084688.8643584,774.126089912064,281677.92606797,748.757552442208,6.79561512817339e-08,1.39792395504816e-05,1,-
39,12,100,SHPSO,20,20,4031.16133480374,774.126089912064,1040.87055852018,748.757552442208,7.57738105972628e-06,0.000287940480269599,0.915,-
40,12,200,L2SMEA,20,20,993456433.800038,913.34722991034,1011943419.07931,924.084017724069,6.79561512817339e-08,1.39792395504816e-05,1,-
40,12,200,SADEAMSS,20,20,29538255.3807637,913.34722991034,27053214.3762678,924.084017724069,6.79561512817339e-08,1.39792395504816e-05,1,-
40,12,200,SAMSO,20,20,80598559.9737438,913.34722991034,4583579.04331471,924.084017724069,6.79561512817339e-08,1.39792395504816e-05,1,-
40,12,200,GORS-SSLPSO,20,20,35076.797207961,913.34722991034,26470.6876722432,924.084017724069,6.79561512817339e-08,1.39792395504816e-05,1,-
40,12,200,SHPSO,20,20,13487.8335373556,913.34722991034,1681.38617614943,924.084017724069,7.8980336666747e-08,1.39792395504816e-05,0.9975,-
41,12,500,L2SMEA,0,20,NaN,NaN,NaN,NaN,NaN,NaN,NaN,NA
41,12,500,SADEAMSS,20,20,603557583.063213,19225502.1517434,623092272.147346,1472.1046108887,6.79561512817339e-08,1.39792395504816e-05,1,-
41,12,500,SAMSO,0,20,NaN,NaN,NaN,NaN,NaN,NaN,NaN,NA
41,12,500,GORS-SSLPSO,20,20,11315671.8808861,19225502.1517434,10549999.3315996,1472.1046108887,1.20088819384235e-06,5.28390805290633e-05,0.95,+
41,12,500,SHPSO,20,20,33724169.7675168,19225502.1517434,7912329.26818687,1472.1046108887,5.16577882449716e-06,0.000206631152979886,0.9225,-
42,12,1000,L2SMEA,0,20,NaN,NaN,NaN,NaN,NaN,NaN,NaN,NA
42,12,1000,SADEAMSS,20,20,2344573545.04129,774010939.085288,2358767277.77912,659872912.903339,1.06456898375025e-07,1.39792395504816e-05,0.9925,-
42,12,1000,SAMSO,0,20,NaN,NaN,NaN,NaN,NaN,NaN,NaN,NA
42,12,1000,GORS-SSLPSO,20,20,35720694962.3321,774010939.085288,35799721130.8973,659872912.903339,6.79561512817339e-08,1.39792395504816e-05,1,-
42,12,1000,SHPSO,20,20,114463045.513143,774010939.085288,70180635.8044048,659872912.903339,2.56294586339567e-07,1.40962022486762e-05,0.0225,+
43,13,30,L2SMEA,20,20,21866582.8933457,184.94457871096,13858385.2434643,47.7753545226984,6.79561512817339e-08,1.39792395504816e-05,1,-
43,13,30,SADEAMSS,20,20,8.84621303549224,184.94457871096,7.43806420722055,47.7753545226984,1.23463501549568e-07,1.39792395504816e-05,0.01,+
43,13,30,SAMSO,20,20,340551.189799942,184.94457871096,124771.923253533,47.7753545226984,3.9388054728666e-07,2.04817884589063e-05,0.97,-
43,13,30,GORS-SSLPSO,20,20,42474.0802297551,184.94457871096,41611.763100771,47.7753545226984,6.79561512817339e-08,1.39792395504816e-05,1,-
43,13,30,SHPSO,20,20,28.863586398888,184.94457871096,24.4755055731737,47.7753545226984,0.000415502152508517,0.00997205166020441,0.1725,+
44,13,50,L2SMEA,20,20,82790389.3079352,9395.43436049694,72905054.4263632,2446.55464269039,6.79561512817339e-08,1.39792395504816e-05,1,-
44,13,50,SADEAMSS,20,20,6848.98581840297,9395.43436049694,1263.46300190774,2446.55464269039,0.228694354237456,0.914777416949823,0.3875,=
44,13,50,SAMSO,20,20,24087328.3781745,9395.43436049694,3005193.43156435,2446.55464269039,6.79561512817339e-08,1.39792395504816e-05,1,-
44,13,50,GORS-SSLPSO,20,20,217686.399352421,9395.43436049694,220175.502329148,2446.55464269039,6.79561512817339e-08,1.39792395504816e-05,1,-
44,13,50,SHPSO,20,20,864.132687062657,9395.43436049694,370.043234933847,2446.55464269039,0.00234127260749354,0.0351190891124031,0.2175,+
45,13,100,L2SMEA,20,20,716432881.388159,72187.6142769567,728807761.911123,52859.4734925049,6.79561512817339e-08,1.39792395504816e-05,1,-
45,13,100,SADEAMSS,20,20,4068936.0168436,72187.6142769567,2802581.5396751,52859.4734925049,6.79561512817339e-08,1.39792395504816e-05,1,-
45,13,100,SAMSO,20,20,3995265.7034259,72187.6142769567,1740704.16342903,52859.4734925049,6.79561512817339e-08,1.39792395504816e-05,1,-
45,13,100,GORS-SSLPSO,20,20,22215023.6963839,72187.6142769567,1774098.13283403,52859.4734925049,6.79561512817339e-08,1.39792395504816e-05,1,-
45,13,100,SHPSO,20,20,91137.6794428782,72187.6142769567,59521.9673613944,52859.4734925049,0.56085169660023,1,0.445,=
46,13,200,L2SMEA,20,20,2336795315.92941,26985.5090731668,2354299761.01993,10992.2417414846,6.79561512817339e-08,1.39792395504816e-05,1,-
46,13,200,SADEAMSS,20,20,118159791.274698,26985.5090731668,98379906.5533643,10992.2417414846,6.79561512817339e-08,1.39792395504816e-05,1,-
46,13,200,SAMSO,20,20,258888503.860356,26985.5090731668,80281718.5028057,10992.2417414846,6.79561512817339e-08,1.39792395504816e-05,1,-
46,13,200,GORS-SSLPSO,20,20,407864.916075703,26985.5090731668,418220.746171734,10992.2417414846,1.23463501549568e-07,1.39792395504816e-05,0.99,-
46,13,200,SHPSO,20,20,114462.351660554,26985.5090731668,45329.7110516135,10992.2417414846,0.00148097718579686,0.0251766121585467,0.795,-
47,13,500,L2SMEA,0,20,NaN,NaN,NaN,NaN,NaN,NaN,NaN,NA
47,13,500,SADEAMSS,20,20,1720895541.75695,5120107.38215267,1634664668.71955,98262.4363609794,6.79561512817339e-08,1.39792395504816e-05,1,-
47,13,500,SAMSO,0,20,NaN,NaN,NaN,NaN,NaN,NaN,NaN,NA
47,13,500,GORS-SSLPSO,20,20,42199425.7380243,5120107.38215267,42798529.021233,98262.4363609794,1.37606163887003e-06,5.64185271936713e-05,0.9475,-
47,13,500,SHPSO,20,20,124364700.557929,5120107.38215267,46811634.6351534,98262.4363609794,0.00111594723517701,0.0212029974683633,0.8025,-
48,13,1000,L2SMEA,0,20,NaN,NaN,NaN,NaN,NaN,NaN,NaN,NA
48,13,1000,SADEAMSS,20,20,5438529580.89172,1301881421.68683,5308372588.06609,1263961668.98889,6.79561512817339e-08,1.39792395504816e-05,1,-
48,13,1000,SAMSO,0,20,NaN,NaN,NaN,NaN,NaN,NaN,NaN,NA
48,13,1000,GORS-SSLPSO,20,20,64914688075.4285,1301881421.68683,64872642796.6481,1263961668.98889,6.79561512817339e-08,1.39792395504816e-05,1,-
48,13,1000,SHPSO,20,20,195948352.879922,1301881421.68683,143538771.938391,1263961668.98889,1.65707929338588e-07,1.39792395504816e-05,0.015,+
